{
  "project_info": {
    "project_number": "677639075928",
    "firebase_url": "https://smartdar-d9e06.firebaseio.com",
    "project_id": "smartdar-d9e06",
    "storage_bucket": "smartdar-d9e06.appspot.com"
  },
  "client": [
    {
      "client_info": {
        "mobilesdk_app_id": "1:677639075928:android:554dc26d1c279e6f4d322d",
        "android_client_info": {
          "package_name": "com.example.smartdar"
        }
      },
      "oauth_client": [
        {
          "client_id": "677639075928-9bd03i8tqoh09lvc9vaep9999oduflh8.apps.googleusercontent.com",
          "client_type": 1,
          "android_info": {
            "package_name": "com.example.smartdar",
            "certificate_hash": "e7d61ddcff0f9714bf565b9aa3610dbfa7bf5e45"
          }
        },
        {
          "client_id": "677639075928-db2fndvgqqp17b3rvhc890u22725tgpu.apps.googleusercontent.com",
          "client_type": 3
        }
      ],
      "api_key": [
        {
          "current_key": "AIzaSyAeWCuQYSd0SRM9GoWD2xv08m0B9NWTeqw"
        }
      ],
      "services": {
        "appinvite_service": {
          "other_platform_oauth_client": [
            {
              "client_id": "677639075928-db2fndvgqqp17b3rvhc890u22725tgpu.apps.googleusercontent.com",
              "client_type": 3
            }
          ]
        }
      }
    }
  ],
  "configuration_version": "1"
}